{
  "train_results": {
    "best_val_accuracy": 92.07,
    "training_time": 6144.065179347992,
    "actual_epochs": 50,
    "early_stopped": false,
    "final_train_loss": 0.07968861581829122,
    "final_train_acc": 97.196,
    "final_val_loss": 0.30467584634883493,
    "final_val_acc": 92.07
  },
  "eval_results": {
    "test_accuracy": 0.9207,
    "inference_time": 10.953848838806152,
    "avg_inference_time_per_sample": 0.0010953848838806152
  }
}